<?xml version="1.0" encoding="UTF-8"?>
<project-private xmlns="http://www.netbeans.org/ns/project-private/1">
    <editor-bookmarks xmlns="http://www.netbeans.org/ns/editor-bookmarks/2" lastBookmarkId="0"/>
    <open-files xmlns="http://www.netbeans.org/ns/projectui-open-files/2">
        <group>
            <file>file:/C:/Users/RITWIK/Documents/NetBeansProjects/Exavalu%20Insurance%20Solution/src/java/exavalu/servlets/Login.java</file>
            <file>file:/C:/Users/RITWIK/Documents/NetBeansProjects/Exavalu%20Insurance%20Solution/src/java/exavalu/com/ConnectionManager.java</file>
            <file>file:/C:/Users/RITWIK/Documents/NetBeansProjects/Exavalu%20Insurance%20Solution/web/HomePage.html</file>
            <file>file:/C:/Users/RITWIK/Documents/NetBeansProjects/Exavalu%20Insurance%20Solution/src/config/db_params.properties</file>
            <file>file:/C:/Users/RITWIK/Documents/NetBeansProjects/Exavalu%20Insurance%20Solution/src/java/exavalu/com/utilities/PropertyReader.java</file>
            <file>file:/C:/Users/RITWIK/Documents/NetBeansProjects/Exavalu%20Insurance%20Solution/web/LogInPage.html</file>
        </group>
    </open-files>
</project-private>
